{
  "configVersion": 1,
  "timestamp": 1724317257550,
  "index": "/index.html",
  "assetGroups": [
    {
      "name": "app",
      "installMode": "prefetch",
      "updateMode": "prefetch",
      "cacheQueryOptions": {
        "ignoreVary": true
      },
      "urls": [
        "/484.a4638a9b637b82a3.js",
        "/896.03d24107dcea4f51.js",
        "/favicon.ico",
        "/index.html",
        "/main.7925b58e3246bda1.js",
        "/polyfills.3459bcd612b2ac9b.js",
        "/runtime.97bc1de8d02d84be.js",
        "/scripts.70c06d09016cc81c.js",
        "/styles.543d3efe954296ca.css"
      ],
      "patterns": []
    },
    {
      "name": "assets",
      "installMode": "lazy",
      "updateMode": "prefetch",
      "cacheQueryOptions": {
        "ignoreVary": true
      },
      "urls": [
        "/assets/INR.png",
        "/assets/RC.png",
        "/assets/activity.png",
        "/assets/add-user.png",
        "/assets/add.png",
        "/assets/addUser.png",
        "/assets/adhar.png",
        "/assets/bad-comment.png",
        "/assets/bad-review.png",
        "/assets/basispay.png",
        "/assets/basispayemnt.png",
        "/assets/bes.jpg",
        "/assets/bgbs.jpg",
        "/assets/bulk.png",
        "/assets/business.png",
        "/assets/cards.png",
        "/assets/change.png",
        "/assets/check.png",
        "/assets/check1.jpg",
        "/assets/cin.png",
        "/assets/client.png",
        "/assets/closed.png",
        "/assets/cloud.png",
        "/assets/complain.png",
        "/assets/complainer.png",
        "/assets/coordinate.png",
        "/assets/credit-card.png",
        "/assets/currency.png",
        "/assets/customer-review.png",
        "/assets/cv.png",
        "/assets/dashboard.png",
        "/assets/dashboards.png",
        "/assets/data.png",
        "/assets/digital.png",
        "/assets/docsign.png",
        "/assets/docsigns.png",
        "/assets/dollars.png",
        "/assets/down.png",
        "/assets/download (2).png",
        "/assets/drivers-license.png",
        "/assets/driving-license.png",
        "/assets/edit.png",
        "/assets/expired.png",
        "/assets/eye.png",
        "/assets/fac-check.png",
        "/assets/facheck copy.png",
        "/assets/facheck.png",
        "/assets/fachecking.png",
        "/assets/fachecklogo.png",
        "/assets/failed.jpg",
        "/assets/falog.png",
        "/assets/followers.png",
        "/assets/forward.png",
        "/assets/gear.png",
        "/assets/gp.png",
        "/assets/group.png",
        "/assets/id-card.png",
        "/assets/identity.png",
        "/assets/image.png",
        "/assets/imsign.png",
        "/assets/info.png",
        "/assets/information.png",
        "/assets/investigation.png",
        "/assets/invitation.png",
        "/assets/loadpen.png",
        "/assets/log (1).png",
        "/assets/log-file (1).png",
        "/assets/log-file-format.png",
        "/assets/log-fileed.png",
        "/assets/log-format.png",
        "/assets/log.png",
        "/assets/logc.png",
        "/assets/loger.png",
        "/assets/logout.png",
        "/assets/mail.png",
        "/assets/mail1.jpg",
        "/assets/man.png",
        "/assets/manager.png",
        "/assets/master.png",
        "/assets/membership.png",
        "/assets/mobile-analytics.png",
        "/assets/msme.png",
        "/assets/network.png",
        "/assets/networking.png",
        "/assets/next.png",
        "/assets/nosigner.png",
        "/assets/null.png",
        "/assets/only.png",
        "/assets/open.png",
        "/assets/pancard.png",
        "/assets/passport.png",
        "/assets/payment.png",
        "/assets/pdfinfo.png",
        "/assets/pending.png",
        "/assets/permission.png",
        "/assets/policy.png",
        "/assets/presentation.png",
        "/assets/provider.png",
        "/assets/receipt.png",
        "/assets/redo.png",
        "/assets/report.png",
        "/assets/rupee.png",
        "/assets/scrum.png",
        "/assets/send.png",
        "/assets/settings.png",
        "/assets/sign.png",
        "/assets/signature.png",
        "/assets/signatured.png",
        "/assets/signdone.png",
        "/assets/support.png",
        "/assets/symb.png",
        "/assets/team.png",
        "/assets/teamwork.png",
        "/assets/thank.png",
        "/assets/ticket.png",
        "/assets/tickets.png",
        "/assets/upload.png",
        "/assets/visiting-card.png",
        "/assets/voterId.png",
        "/assets/workflower.png",
        "/assets/workflows.png"
      ],
      "patterns": []
    }
  ],
  "dataGroups": [],
  "hashTable": {
    "/484.a4638a9b637b82a3.js": "e5a173bc3b632e2eb4fac501bf14bbb0c11a0a50",
    "/896.03d24107dcea4f51.js": "86668b382d0c2b750e5c0fde3dc75b57ff0e1eb6",
    "/assets/INR.png": "f9c3a91f23d1c25e1fbc89046f3fa48159be7e08",
    "/assets/RC.png": "151b474161582791d4730f40a87eb42c65d098ab",
    "/assets/activity.png": "46f326b4350467cd09758cf7518a7677a5949f8b",
    "/assets/add-user.png": "5ffe67300436b7cca27a27398f65119334f72af6",
    "/assets/add.png": "53183714c7f6115a142b160ffaff77dc2d929946",
    "/assets/addUser.png": "800383e6f5f1549aa18845ef1fff02057a76942c",
    "/assets/adhar.png": "3f320f0a06c117f9d8fafbbda67491f0e0763049",
    "/assets/bad-comment.png": "dae4e2cf15f9c5fce6e1ce7731985292ddca1be0",
    "/assets/bad-review.png": "b18c697180af1ddcc674e8e4c70764aa332e1569",
    "/assets/basispay.png": "7df06f6a052e03477d4d4de334c05fc5c8bed65b",
    "/assets/basispayemnt.png": "7df06f6a052e03477d4d4de334c05fc5c8bed65b",
    "/assets/bes.jpg": "6a39d2927dab0c9ac07785a7dc3e0b9d3ac2a3af",
    "/assets/bgbs.jpg": "be969e26bb9fd14acc6dce25620b43e055e4f091",
    "/assets/bulk.png": "cb46bee04f9f5b2cd62824a7386636c0d3dd9623",
    "/assets/business.png": "cc885aaceaa1d3779aa8ef4b0ef13b448209d2fd",
    "/assets/cards.png": "d5f51ee5ca6c6b8daef23f83a722c5aae774faf9",
    "/assets/change.png": "dbd75d28bdb06648a24705d958545e31d405b203",
    "/assets/check.png": "322eabb98f9d08e405e2f5fef7c23821052df891",
    "/assets/check1.jpg": "aee013a61a5d4266a4711d763c08867b2c2c6f3f",
    "/assets/cin.png": "0944c7808d11ad1672982da9936dc65f81b2022a",
    "/assets/client.png": "e1b7ede8d6f485999c645f2d2d9b9b1cf7b36847",
    "/assets/closed.png": "e98f1373acee5fd30466a00b97b71671763627ab",
    "/assets/cloud.png": "0d5302127199a83f00f20d386f9bdba0a9cbf0fa",
    "/assets/complain.png": "4e27eee997f9bed2436e493d6e6341755ed3b1e0",
    "/assets/complainer.png": "5c2d3e656539b68f28d48954ba25f6dfd807ae17",
    "/assets/coordinate.png": "ea94faab1051f4b2bd0117c0d15e833ca60f2cd0",
    "/assets/credit-card.png": "746e142a8c0d5ca4fa7ba35fc5930b4adf05e5ca",
    "/assets/currency.png": "f270ba32c2f402b1f174590b4e8e55b875cf1a86",
    "/assets/customer-review.png": "fd260ffc7f6fbcb850c8ae45c2617aaef62f4ab5",
    "/assets/cv.png": "d0f9353cc712838322886ed73c1541768b0f61ad",
    "/assets/dashboard.png": "f719fa0032bbee21a9d288f96ed1cd9389325c22",
    "/assets/dashboards.png": "9f1dc5b658875016d1f97c39d131734d834491ae",
    "/assets/data.png": "e8068907151063d4f7da83ae6284bb597fa1c8b6",
    "/assets/digital.png": "b2f26c1915a28c9a4459691e91d90ce1259cc29f",
    "/assets/docsign.png": "b849f30ec8cf4335d8224b662cee9ac066344cd0",
    "/assets/docsigns.png": "b849f30ec8cf4335d8224b662cee9ac066344cd0",
    "/assets/dollars.png": "dc1c5b95d170e691939b2a567c835cecdca8a1a9",
    "/assets/down.png": "408fc28e48c314d1515fed8b6c33783451a7dfca",
    "/assets/download (2).png": "1b8aa01efa8ad2d4ab8546da2814551e92b6adea",
    "/assets/drivers-license.png": "c8b18c164200bacab0278e65f2b35c53a20af73e",
    "/assets/driving-license.png": "696d2ad912acdf2dbb0691db9c4880131ebe8dfc",
    "/assets/edit.png": "09ca6f25922d9baf38142c2f642d384fe8adb1b6",
    "/assets/expired.png": "177afd81c2364bbe28b362db3cf0d7c5b49b450b",
    "/assets/eye.png": "7a45830b7706013b563a02cfa63afcdf15017ca2",
    "/assets/fac-check.png": "620c074d1976f5e6151ed12b643811bf40df6b02",
    "/assets/facheck copy.png": "fdd82b51b62afa05957cae1faf08837f0de5c712",
    "/assets/facheck.png": "fdd82b51b62afa05957cae1faf08837f0de5c712",
    "/assets/fachecking.png": "e57044169e16178dcd38f1c49e958fbabda9c408",
    "/assets/fachecklogo.png": "620c074d1976f5e6151ed12b643811bf40df6b02",
    "/assets/failed.jpg": "d99d51a1bb68d397399f424fcb32f123fd9c2c20",
    "/assets/falog.png": "a8c67c802132aa7003c9797982d5f4f223a4e32a",
    "/assets/followers.png": "4551ee661525c2f79197f1b7e0b3812b9f904430",
    "/assets/forward.png": "26e6cec0237bbedf65e8866355052a0835e64665",
    "/assets/gear.png": "070e119c5f37022c1e89f6dcd598cee7646ade52",
    "/assets/gp.png": "0b4690532fcda78fcb64b7ddb4e44b94560fc7df",
    "/assets/group.png": "ad65b26374e2adf49a47505c6988204d71bb1588",
    "/assets/id-card.png": "e09dbffdb24bb771166b60d9badb1b8f913a5da1",
    "/assets/identity.png": "80f98049458b443d59f3060e0079e12c8ab45e0e",
    "/assets/image.png": "f26ac54223c0038e3d5ee2732b04874160673871",
    "/assets/imsign.png": "ed5162cde3cd28eab8961e595102ac72569648c0",
    "/assets/info.png": "99310ba058aff19bda619ab8c38b33d8d95cf827",
    "/assets/information.png": "9a11b0c28d5e4dc8e9a31dc4d4e6c9efa57cfedb",
    "/assets/investigation.png": "9f5d5474c7249a046f8f2244cd56e2db0d972339",
    "/assets/invitation.png": "6d119fbda638650638bd810f1abc9fd730e716cf",
    "/assets/loadpen.png": "66851baf124beb9800a6aa9b48289800e2d1365a",
    "/assets/log (1).png": "1038f11fe8e509f8f8ad83cd850b3c6b19dd714f",
    "/assets/log-file (1).png": "a58bfe2c80a10ba5db25748e5f0303e0d0500d36",
    "/assets/log-file-format.png": "4f9781839274f7ba945d53317993c1a9af0aed10",
    "/assets/log-fileed.png": "a58bfe2c80a10ba5db25748e5f0303e0d0500d36",
    "/assets/log-format.png": "ce6c1cd52f22b3ed1ada8b578e4415a74ca4b482",
    "/assets/log.png": "3ccb66d271def582c31806be5847f3a9cbceb987",
    "/assets/logc.png": "1038f11fe8e509f8f8ad83cd850b3c6b19dd714f",
    "/assets/loger.png": "95cadeb073eccecfd4caeb294cc7a9ee91d03d90",
    "/assets/logout.png": "c4e163b8650b5c0da71bc389c8c9bb2a60e7cf55",
    "/assets/mail.png": "fe65ce9132df4118ed03096dc8065f9ddab7fd12",
    "/assets/mail1.jpg": "6a07fa87903a47b79b6d0b7136dfc47e27f6e954",
    "/assets/man.png": "019dd1937d8f34dcb39dd2e995ec178092718c9a",
    "/assets/manager.png": "751bc2722b0a00090805712780ba1619251b6c8b",
    "/assets/master.png": "c7804ece19658403e1a61d45807324aba3ce51bf",
    "/assets/membership.png": "4750ebea711b55c51e81b51ad77601a4bf5c1fe8",
    "/assets/mobile-analytics.png": "af904fac94e1e0a8200415b39d2917d9ca957f67",
    "/assets/msme.png": "bcf66fe63687e8250c27d7f3b11d8e914066a08d",
    "/assets/network.png": "84550d3f161365802842c67a72158402ebfac01c",
    "/assets/networking.png": "6671f228e982cf355c38284134cf4ba88291fe84",
    "/assets/next.png": "60830d72f368e2dff49491fda592dafdf6354606",
    "/assets/nosigner.png": "329fb477e97833d80d734d1ea394a3c64068b276",
    "/assets/null.png": "8a2f9c4c4143cc0d177cddf429a82d691d69389e",
    "/assets/only.png": "623f73e6595fa9fa474f181118356e3077447a0e",
    "/assets/open.png": "fd5d89aa731309e0dc9ba93422b555ded53bb19c",
    "/assets/pancard.png": "021ba7b6c9f92cd23f48590d27d81fa3d64b34ef",
    "/assets/passport.png": "3562952151e231aa516b3b613a4d47b63df5a9d4",
    "/assets/payment.png": "a7faa8fd0528f7edf6d8a5fd01887499a96dbb88",
    "/assets/pdfinfo.png": "fd7217e988a615cdeb30e59df02921839c02029c",
    "/assets/pending.png": "cf4c61d7359ca2be58f55d674091ff40b2431110",
    "/assets/permission.png": "2fa3e31e099af3939896e0c6907b212ebf3a7b05",
    "/assets/policy.png": "ae7235240536bb37aedf4e2596d2e68f21a4bebd",
    "/assets/presentation.png": "481686436ed3d444090d994440c944112bf11e0d",
    "/assets/provider.png": "299789fd1af84b4cb0dbcad18de26946ceea9cfc",
    "/assets/receipt.png": "70da8b5ad9ffea1eb4cfd8cefd68768178187990",
    "/assets/redo.png": "27169e948f457ede697039694c0576441ef71ce4",
    "/assets/report.png": "d1070303c8c805ab8c54197071b1567189e47de6",
    "/assets/rupee.png": "ac59f3140a1abe3532f35b7123a9657d77af0d55",
    "/assets/scrum.png": "0d466a0ec7252ac7f7af69e5cb01d45ea1fe6104",
    "/assets/send.png": "f66caab6a5194b389953bca7afaded27a69075a2",
    "/assets/settings.png": "12b80f63289f826d671d971675b6ad918bcc6f86",
    "/assets/sign.png": "8783647572811a2698735285ccbc8623b8b8a271",
    "/assets/signature.png": "c9825df5ece01fb08a9585f7e85629095e9e07a9",
    "/assets/signatured.png": "35c36ce4d1ed1644faeae4b57b32d9a4223a303d",
    "/assets/signdone.png": "7f736614928df508fa78ba38e5c84b1e239a71ea",
    "/assets/support.png": "357470e863c9337da3c98d8d4c71c429940ead4f",
    "/assets/symb.png": "7475cdae7bd101b01f18c9da98b567af2770fa4e",
    "/assets/team.png": "4fb52da29070169a9e94507cbe70b6a9236177e0",
    "/assets/teamwork.png": "c5f72e296b566e7aba2d433f2861fb3a5f74b54a",
    "/assets/thank.png": "3e0e61d7388a2462326869bf06d7fd5d084cefe7",
    "/assets/ticket.png": "036a1034808445d84413a022c8c3095bea949813",
    "/assets/tickets.png": "1469fca11389841fab2c183c1d2d43c70389f953",
    "/assets/upload.png": "cf08f75603189cf282cd9c992f20c7f86d559847",
    "/assets/visiting-card.png": "ec287eaddb64a229b16573163ab85523c35db4ac",
    "/assets/voterId.png": "d13def2eaf190b8577ece7661e4438ab5125a3f1",
    "/assets/workflower.png": "7603e2afcc0b7e2f9b0810afa9c2ed110da2e841",
    "/assets/workflows.png": "a335de0a63f0aabff696bbab506b55881f76c803",
    "/favicon.ico": "22f6a4a3bcaafafb0254e0f2fa4ceb89e505e8b2",
    "/index.html": "cb4a3b268a15318d09721bdc7006823c070ef029",
    "/main.7925b58e3246bda1.js": "29b8ce4a51427f46ed27a26e6d2d8556044e17e2",
    "/polyfills.3459bcd612b2ac9b.js": "9fa15b147699bfe9ebfa78a41880ce462f675dbc",
    "/runtime.97bc1de8d02d84be.js": "9ac4d14f952c334a0f2474fc85998baceda77ea0",
    "/scripts.70c06d09016cc81c.js": "cedee5e1e8a01c95fef2f20b2584618bf4a6eb53",
    "/styles.543d3efe954296ca.css": "2857732357d06ff14f0a1edfa005397ab57de1c1"
  },
  "navigationUrls": [
    {
      "positive": true,
      "regex": "^\\/.*$"
    },
    {
      "positive": false,
      "regex": "^\\/(?:.+\\/)?[^/]*\\.[^/]*$"
    },
    {
      "positive": false,
      "regex": "^\\/(?:.+\\/)?[^/]*__[^/]*$"
    },
    {
      "positive": false,
      "regex": "^\\/(?:.+\\/)?[^/]*__[^/]*\\/.*$"
    }
  ],
  "navigationRequestStrategy": "performance"
}